first_name="Lenka",last_name="Palfree",email="lpalfree0@noaa.gov",state="Nevada"
first_name="Tailor",last_name="Heck",state="Indiana",amount=84.04
first_name="Raynor",last_name="Baldung",email="rbaldung2@163.com",amount=84.17,customer=true
last_name="Khristoforov",email="mkhristoforov3@cafepress.com",state="Massachusetts",amount=77.71,customer=true
first_name="Carilyn",last_name="Heyward",email="cheyward4@over-blog.com",state="Ohio",amount=15.79,customer=false
first_name="Junie",last_name="Pittock",email="jpittock5@hatena.ne.jp",state="Kansas",amount=24.89,customer=false
first_name="Annemarie",last_name="Diloway",email="adiloway6@1und1.de",state="New York",customer=true
first_name="Jeffy",last_name="Hayball",email="jhayball7@google.it",state="Pennsylvania",amount=99.03,customer=true
last_name="Ulyat",email="eulyat8@flavors.me",state="Georgia",amount=45.41,customer=true
last_name="Crichten",email="lcrichten9@craigslist.org",state="California",amount=75.24
first_name="Tommy",last_name="Arter",email="tartera@epa.gov",state="Texas",amount=36.62
first_name="Ludovika",last_name="Gregorace",state="Texas",amount=65.46,customer=false
first_name="Gil",last_name="Vuitte",email="gvuittec@fotki.com",state="Texas",amount=7.8
first_name="Krystal",last_name="Cuthbert",email="kcuthbertd@dell.com",state="Texas",customer=false
first_name="Tandy",last_name="Meletti",email="tmelettie@webs.com",state="Michigan",amount=35.54,customer=true
first_name="Thorn",last_name="Moan",state="District of Columbia",amount=29.0,customer=false
first_name="Barbee",last_name="Penner",email="bpennerg@github.io",state="Utah",amount=23.36
first_name="Eduardo",last_name="Seif",email="eseifh@thetimes.co.uk",state="South Carolina",amount=29.03,customer=false
first_name="Meade",last_name="Beadon",email="mbeadoni@dmoz.org",state="Texas",amount=74.81,customer=false
first_name="Nicoli",last_name="Isaak",email="nisaakj@purevolume.com",amount=64.32,customer=true
last_name="Goodacre",email="lgoodacrek@intel.com",state="New York",customer=false
first_name="Nicoli",last_name="Healings",state="Louisiana",amount=22.33,customer=false
first_name="Sherline",last_name="Giametti",email="sgiamettim@instagram.com",state="District of Columbia",amount=64.54,customer=true
first_name="Earle",last_name="Bineham",email="ebinehamn@ihg.com",state="Arkansas",amount=77.42,customer=true
first_name="Clarence",last_name="Cornau",email="ccornauo@angelfire.com",state="Washington",customer=false
first_name="Revkah",last_name="Sleford",email="rslefordp@businessweek.com",state="Illinois",amount=9.14,customer=false
last_name="Bantham",email="cbanthamq@eepurl.com",amount=32.68,customer=true
first_name="Wandis",last_name="Corneljes",email="wcorneljesr@lulu.com",amount=96.46,customer=false
first_name="Dannel",last_name="Gearty",email="dgeartys@stumbleupon.com",state="New York",amount=9.01,customer=true
first_name="Gaultiero",last_name="Pascoe",email="gpascoet@dell.com",state="Oklahoma",amount=90.06
first_name="Katherine",last_name="O'Curran",email="kocurranu@bigcartel.com",state="Louisiana",amount=81.36,customer=false
first_name="Rosabella",last_name="Dalgarno",email="rdalgarnov@about.com",state="Minnesota",amount=58.78,customer=true
first_name="Arie",last_name="Loveman",state="Iowa",amount=21.14,customer=false
first_name="Riccardo",last_name="Mantrip",amount=62.62
first_name="Mychal",last_name="Hamp",email="mhampy@dmoz.org",state="Texas",customer=false
first_name="Tybie",last_name="Galgey",email="tgalgeyz@qq.com",state="Indiana",amount=30.23,customer=false
first_name="Twila",last_name="Cristofolini",email="tcristofolini10@seattletimes.com",state="Maryland",amount=41.66,customer=true
first_name="Bennie",last_name="Ojeda",email="bojeda11@lycos.com",state="Wisconsin"
first_name="Giraldo",last_name="Sangar",email="gsangar12@businessweek.com",state="California",amount=89.98
first_name="Andy",last_name="Slogrove",state="Louisiana",amount=78.22,customer=false
first_name="Katusha",last_name="Wykey",email="kwykey14@google.co.uk",state="Texas",amount=65.05,customer=false
first_name="Betteann",last_name="Timoney",email="btimoney15@biblegateway.com",state="Indiana",amount=68.08,customer=true
last_name="Allnatt",email="aallnatt16@google.com.au",customer=false
first_name="Jacqueline",last_name="Redhills",email="jredhills17@miitbeian.gov.cn",state="New York",amount=28.42,customer=true
first_name="Clayson",last_name="Hayler",email="chayler18@skyrock.com",state="Kentucky",amount=84.79,customer=false
first_name="Zabrina",last_name="Aitchinson",email="zaitchinson19@addthis.com",state="California",amount=93.21
first_name="Terrel",last_name="Prestige",email="tprestige1a@auda.org.au",amount=45.59,customer=false
first_name="Ranice",last_name="Twinbrow",email="rtwinbrow1b@free.fr",state="Nevada",amount=8.87,customer=false
first_name="Ferris",last_name="Baskerville",email="fbaskerville1c@paginegialle.it",state="Nebraska",amount=31.63
first_name="Renato",last_name="Carmichael",email="rcarmichael1d@zimbio.com",state="Ohio",customer=true
first_name="Ferdie",last_name="Gash",email="fgash1e@weebly.com",state="California",amount=40.79
first_name="Merry",last_name="Doring",email="mdoring1f@com.com",state="New York",amount=51.53,customer=false
first_name="Leora",last_name="Yansons",email="lyansons1g@1und1.de",state="Kansas",amount=95.52
first_name="Kim",last_name="Want",email="kwant1h@mozilla.org",amount=24.8,customer=true
first_name="Salaidh",last_name="Sleney",email="ssleney1i@mediafire.com",state="Arizona",amount=16.1,customer=true
first_name="Malissa",last_name="McGarrity",state="Kansas",amount=73.48,customer=false
last_name="Rogliero",email="frogliero1k@addtoany.com",state="Virginia",amount=73.0,customer=true
first_name="Randene",last_name="Wells",state="Georgia",amount=8.34,customer=false
first_name="Basia",last_name="Okie",state="California",amount=79.53,customer=true
first_name="Mozes",last_name="Erskine Sandys",state="West Virginia",amount=87.33
first_name="Tyrone",last_name="Minghi",email="tminghi1o@usatoday.com",state="Minnesota",amount=74.29
first_name="Melvin",last_name="Carwithim",email="mcarwithim1p@merriam-webster.com",state="Washington",amount=46.53,customer=false
first_name="Gardiner",last_name="Lorrimer",email="glorrimer1q@pen.io",state="Florida",amount=45.28
last_name="Ennals",email="sennals1r@cyberchimps.com",state="Virginia",amount=7.52
first_name="Carver",last_name="Farries",state="Illinois",amount=25.4
first_name="Zeke",last_name="Bernard",state="California",amount=9.88,customer=true
first_name="Bette-ann",last_name="Clarabut",email="bclarabut1u@utexas.edu",state="Texas",amount=58.57
first_name="Pamelina",last_name="Collinette",state="District of Columbia",amount=67.25,customer=true
first_name="Freida",last_name="Loades",customer=true
first_name="Gunter",last_name="Weson",email="gweson1x@instagram.com",state="New York",amount=57.9,customer=false
first_name="Blondelle",last_name="Vasyagin",email="bvasyagin1y@pbs.org",state="North Carolina",customer=true
first_name="Sal",last_name="Dorward",email="sdorward1z@goodreads.com",amount=78.28,customer=false
first_name="Constantina",last_name="Gillham",state="Texas",amount=99.38,customer=false
first_name="Raimondo",last_name="Cowmeadow",email="rcowmeadow21@yelp.com",state="Illinois",amount=28.99,customer=true
first_name="Marijn",last_name="Cahey",email="mcahey22@blogtalkradio.com",state="Louisiana",amount=80.54
first_name="Fabiano",last_name="Leonida",email="fleonida23@ning.com",state="New York",amount=23.66
first_name="Oneida",last_name="Pacey",state="North Carolina",amount=49.73,customer=true
first_name="Christal",last_name="Roots",email="croots25@indiegogo.com",state="Colorado",amount=71.22,customer=false
first_name="Marcelo",last_name="Adamthwaite",email="madamthwaite26@scribd.com",state="Mississippi",amount=48.52,customer=false
first_name="Ava",last_name="McGarel",email="amcgarel27@pen.io",state="Texas",amount=72.01,customer=false
first_name="Nicki",last_name="Frankcomb",email="nfrankcomb28@digg.com",amount=10.99,customer=true
first_name="George",last_name="Melladew",email="gmelladew29@google.de",state="California"
first_name="Sherry",last_name="Marques",email="smarques2a@shareasale.com",amount=21.2,customer=true
first_name="Hogan",last_name="Bagworth",email="hbagworth2b@utexas.edu",state="Montana",amount=25.29
first_name="Pyotr",last_name="Stangroom",email="pstangroom2c@berkeley.edu",state="Illinois",amount=46.16,customer=true
first_name="Florida",last_name="Klimsch",email="fklimsch2d@youku.com",state="New York",amount=36.35,customer=true
last_name="Crame",state="Virginia",amount=54.74,customer=true
last_name="Teague",email="ateague2f@dedecms.com",state="Georgia",amount=46.4
first_name="Brittney",last_name="Simacek",email="bsimacek2g@typepad.com",state="Texas",amount=84.24,customer=true
first_name="Kayla",last_name="Grund",state="Nevada",amount=58.82,customer=true
last_name="Windless",email="twindless2i@123-reg.co.uk",amount=6.25,customer=false
first_name="Brynne",last_name="Tancock",state="Georgia",amount=66.46,customer=false
first_name="Aylmer",last_name="Twining",email="atwining2k@paginegialle.it",amount=32.64,customer=true
first_name="Verile",last_name="Echalier",email="vechalier2l@netscape.com",state="Iowa",customer=true
first_name="Kirby",last_name="Evens",email="kevens2m@twitter.com",state="Alaska",amount=95.23
first_name="Redford",last_name="Wressell",email="rwressell2n@stanford.edu",state="Virginia",amount=37.68,customer=false
first_name="Ric",last_name="Ellwell",email="rellwell2o@printfriendly.com",state="Texas",amount=56.76,customer=true
first_name="Chariot",last_name="Eskell",email="ceskell2p@adobe.com",state="New York",customer=true
first_name="Gregorio",last_name="Francomb",email="gfrancomb2q@mit.edu",state="Pennsylvania",amount=4.2,customer=false
first_name="Gibb",last_name="Crackett",email="gcrackett2r@jigsy.com",state="Illinois",amount=82.46,customer=true
