name="Lammond",age=51,bald=true,citation="48beb587-28a7-4f8f-91e2-a7625796e0e6",employer="Brookfield DTLA Inc.",vendor="Aethlon Medical Inc.",amount=678.5
url="http://myspace.com/condimentum/neque/sapien/placerat.html",name="Frazer",bald=false,beard=true,citation="6dcc6975-d878-4085-bd62-d3765cd922b9",employer="Monster Beverage Corporation",vendor="American Tower Corporation (REIT)"
url="http://omniture.com/venenatis/lacinia/aenean.jsp",name="Agretha",age=44,bald=true,beard=false,citation="ac2d0e56-a04d-4bae-a0f4-6fed807db469",employer="Independent Bank Corporation",vendor="Emmis Communications Corporation"
url="http://hud.gov/donec/ut/dolor/morbi/vel/lectus.json",beard=false,citation="90128c23-1c72-46b9-b5ec-09b038018215",vendor="NQ Mobile Inc.",amount=940.01
name="Loralyn",beard=false,employer="Aceto Corporation",vendor="La Quinta Holdings Inc.",amount=125.68
name="Cathyleen",zipcode="4770-014",bald=false,beard=false,citation="e6b11b85-0921-48a3-9bca-23089f038cb7",vendor="The Hackett Group Inc.",amount=57.64
name="Stanwood",bald=true,employer="AgroFresh Solutions Inc.",amount=415.29
url="http://odnoklassniki.ru/adipiscing/molestie/hendrerit/at/vulputate.jpg",name="Viv",age=27,beard=true,citation="6f31f3e5-be6e-4140-8850-4965801a91ea",amount=514.87
name="Kori",bald=true,beard=true,citation="1032ca0d-7ca4-47f4-9e28-e91adf9e58ce",employer="Sequential Brands Group Inc.",amount=725.11
url="https://youtube.com/et/eros/vestibulum/ac/est/lacinia.json",name="Elke",beard=false,citation="a5f4eae8-289f-42dd-8614-531db96499ec",employer="Streamline Health Solutions Inc.",amount=628.58
url="https://bizjournals.com/leo.jpg",age=21,bald=false,beard=false,amount=940.69
url="https://psu.edu/ac/nibh.html",name="Malia",bald=false,beard=true,citation="0e40ec13-1205-4b7d-9c8c-f1c9cae2c945",employer="Twenty-First Century Fox Inc.",vendor="IRIDEX Corporation",amount=896.93
name="Hilary",age=16,zipcode="4007",bald=true,citation="492adcb1-6dfd-4964-8ce6-70b702c02cb5",vendor="Iridium Communications Inc",amount=676.91
url="https://lulu.com/fusce/congue.json",name="Leticia",age=48,bald=true,beard=true,citation="4d41a04f-5a9e-4260-a0bf-a4dedc178638",employer="First Trust Multi-Asset Diversified Income Index Fund",vendor="Consolidated Communications Holdings Inc."
url="http://ezinearticles.com/parturient/montes/nascetur/ridiculus/mus.png",zipcode="02015",citation="12a691e3-b276-4d07-87e6-3e846679430a",employer="LINE Corporation",vendor="AppFolio Inc.",amount=838.18
url="http://spotify.com/accumsan/tortor/quis.jpg",name="Andrea",age=17,zipcode="39280",bald=false,beard=false,citation="f3073a18-e8fc-4365-86fe-8eccb5aee1d9",employer="Tanger Factory Outlet Centers Inc.",vendor="Medallion Financial Corp.",amount=584.92
url="https://goodreads.com/ultrices.aspx",name="Joycelin",age=42,zipcode="30167",bald=false,citation="5eb3382a-0cfd-481a-ba89-7eaebd8ebbe8",employer="iShares PHLX SOX Semiconductor Sector Index Fund",vendor="Universal Health Services Inc.",amount=756.27
url="http://hao123.com/nonummy/integer/non.xml",name="Barry",age=37,beard=true,citation="f796b8a1-f82a-48ae-949c-4dde72eeb072",employer="Blackrock MuniYield Michigan Quality Fund Inc.",vendor="Newfield Exploration Company",amount=51.03
url="http://google.ca/parturient/montes/nascetur/ridiculus/mus.js",name="Karna",age=65,bald=false,beard=true,citation="311bc2a0-5b4f-4c21-86e6-1971a111d7ec",employer="PennyMac Mortgage Investment Trust",vendor="M.D.C. Holdings Inc.",amount=718.88
name="Effie",age=88,zipcode="29360-000",beard=true,citation="2415f25c-94fd-41a0-8f78-ffd7f89f303b",employer="Appliance Recycling Centers of America Inc."
bald=false,beard=true,citation="c4a4755a-1762-44ec-bd32-23bb8cf6642c",employer="Biostage Inc.",vendor="Sophiris Bio Inc.",amount=196.18
age=33,zipcode="241521",bald=false,employer="ProPetro Holding Corp.",amount=913.04
url="http://blogs.com/blandit.png",name="Andie",zipcode="691 78",bald=true,beard=true,citation="d7aabc9c-9ed7-4066-938c-96b8905805ec",vendor="TeleTech Holdings Inc.",amount=638.25
name="Moselle",beard=false,citation="8de19ba6-4fee-4cb7-b02a-fefece9f9adb",employer="ConforMIS Inc.",vendor="Enzymotec Ltd.",amount=464.5
url="https://yahoo.co.jp/lectus/in/quam.jpg",name="Heddie",age=81,bald=false,beard=true,citation="68a262f9-0f69-490a-9e97-a9ccfafd2d5f",vendor="Zillow Group Inc."
url="http://themeforest.net/aliquet/maecenas/leo.jpg",name="Jean",age=78,zipcode="682652",bald=true,beard=false,amount=430.64
name="Tori",age=28,bald=true,beard=false,citation="dc4cc096-e5cd-441b-8819-e457543c7a94",vendor="J P Morgan Chase & Co"
age=87,bald=false,beard=true,employer="Greenlight Reinsurance Ltd.",vendor="Post Holdings Inc."
name="Stanislaw",age=54,bald=true,beard=true,citation="69f0c57d-f1ba-4b62-a477-43ed2590c416",employer="Wecast Network Inc.",amount=354.47
url="https://goo.gl/felis/fusce/posuere/felis/sed/lacus.jsp",name="Fields",age=23,bald=false,beard=true,citation="9e7a2149-072f-4ba3-b01d-28aaf58ea7c5",amount=141.35
name="Marlin",age=62,zipcode="274 34",bald=false,citation="3be9f977-abfd-4e92-9cde-a6b3638256db",employer="Aegion Corp",vendor="Ingersoll-Rand plc (Ireland)"
name="Darelle",age=42,bald=false,beard=false,employer="FutureFuel Corp.",amount=440.59
name="Ted",age=35,bald=false,beard=false,citation="82e3e8a4-dc52-4e4c-9241-deafa6f1703d",vendor="Zion Oil & Gas Inc"
url="https://eventbrite.com/eget/massa/tempor/convallis.jsp",name="Putnem",age=40,bald=false,beard=false,citation="d19e6a50-4825-4ad5-a0f4-c6d66b8d96b1",employer="American Software Inc.",amount=79.64
name="Panchito",age=29,zipcode="59468 CEDEX",bald=false,beard=true,employer="Fiesta Restaurant Group Inc.",vendor="AVEO Pharmaceuticals Inc.",amount=13.58
name="Kris",age=55,bald=true,beard=true,citation="44f68c73-e469-40dc-8194-c6058e754d82",employer="Summer Infant Inc.",vendor="Royal Bank Scotland plc (The)",amount=77.8
url="https://wikia.com/curabitur/at/ipsum/ac/tellus/semper/interdum.png",age=65,bald=true,beard=true,citation="9f6f6a00-9edd-4528-a482-bd07b8a255ca",employer="WisdomTree U.S. SmallCap Quality Dividend Growth Fund",vendor="AudioCodes Ltd.",amount=430.12
url="http://uiuc.edu/massa/id/nisl.json",name="Fara",age=53,bald=false,vendor="Westrock Company",amount=322.0
name="Minny",zipcode="143144",bald=true,beard=true,vendor="Colonial Investment Grade Municipal Trust",amount=34.69
url="http://arstechnica.com/neque/duis/bibendum.html",name="Bax",age=54,zipcode="95405",beard=false,citation="a4e151f5-af33-428c-968c-5bc43eac1bac",employer="Nuveen Virginia Quality Municipal Income Fund",vendor="iShares MSCI All Country Asia ex Japan Index Fund",amount=276.98
name="Marijo",zipcode="4755-522",bald=false,beard=false,citation="1b3edbef-cc96-4bd3-b220-619635509481",employer="Retail Properties of America Inc.",vendor="State Street Corporation",amount=691.43
name="Demetra",age=64,zipcode="2670",bald=false,beard=true,citation="4ac1faae-c1c8-4db0-a70f-a12b201cdfed",employer="Sensata Technologies Holding N.V.",vendor="Voya Natural Resources Equity Income Fund"
url="https://dion.ne.jp/pretium/iaculis/justo/in/hac.jsp",name="Ruprecht",age=11,bald=false,beard=false,citation="e42c83ee-de87-48eb-b1a6-b4254e9169cb",employer="Royal Gold Inc.",vendor="Bank of the James Financial Group Inc.",amount=754.99
url="https://pinterest.com/vestibulum/vestibulum/ante/ipsum/primis.png",name="Dugald",age=12,bald=true,vendor="Kimco Realty Corporation",amount=411.48
url="https://hugedomains.com/duis/consequat/dui/nec.aspx",name="Bella",zipcode="28400-000",bald=false,beard=true,citation="4a308177-d247-48cc-ae34-3f5763b160fa",employer="Hallador Energy Company",vendor="Voya Global Equity Dividend and Premium Opportunity Fund",amount=477.52
url="https://people.com.cn/in/tempus/sit/amet/sem/fusce.js",name="Maddy",age=27,bald=false,beard=true,citation="592664a9-8bbd-469a-86f0-15f207ed8200",employer="China Information Technology Inc.",vendor="Huntington Bancshares Incorporated"
url="https://army.mil/elementum/in/hac/habitasse/platea/dictumst.js",zipcode="2608",bald=true,beard=false,employer="Western Asset Investment Grade Defined Opportunity Trust Inc.",vendor="Wells Fargo & Company",amount=423.04
bald=true,beard=false,citation="5b53c197-7332-40e2-9b1d-8357eff082f1",employer="Viavi Solutions Inc.",vendor="Public Storage"
name="Hercule",citation="225aae11-e97a-489f-9508-bd1ed41dca28",employer="Hormel Foods Corporation",amount=386.18
name="Archambault",age=68,bald=false,beard=false,citation="4b6f824f-90ff-4c48-b616-0d260ec556a6",employer="Internet Gold Golden Lines Ltd.",vendor="Frontier Communications Corporation",amount=89.88
url="https://unblog.fr/vel/ipsum.json",name="Hilarius",beard=true,citation="c0853e91-fd29-4c66-ae0e-6d4e378e955f",vendor="Rockwell Automation Inc.",amount=977.13
url="https://weather.com/semper/est/quam/pharetra.xml",age=36,bald=false,beard=false,citation="b546ad4c-d0a1-4187-ba7f-a114fba92e99",employer="Ion Geophysical Corporation",vendor="Granite Construction Incorporated",amount=969.89
url="http://g.co/id/nisl/venenatis/lacinia.xml",name="Bella",zipcode="952 61",bald=false,beard=false,citation="c5acaf2f-29fc-4bfa-a6eb-075ddc7264da",employer="Brooks Automation Inc.",vendor="OncoSec Medical Incorporated",amount=798.46
url="https://cbc.ca/sagittis/sapien/cum/sociis/natoque/penatibus/et.js",age=77,bald=false,beard=false,citation="b60d8417-60d7-4f83-beb1-21d465ae4ca2",employer="Brookline Bancorp Inc.",vendor="ClearOne Inc.",amount=49.24
url="https://omniture.com/lorem/ipsum/dolor/sit/amet.json",name="Rob",age=79,zipcode="06-225",beard=true,citation="bcd27b48-456d-4648-8c88-6dffb13834a2",employer="Chanticleer Holdings Inc.",vendor="Alexandria Real Estate Equities Inc.",amount=337.67
url="https://feedburner.com/a/pede.aspx",age=18,zipcode="369228",bald=false,beard=true,employer="Home BancShares Inc.",amount=249.26
url="https://discovery.com/sapien/in/sapien/iaculis/congue/vivamus.jpg",age=33,bald=true,beard=false,citation="41fd323c-6728-4c6d-9d64-4332c146b033",employer="Comstock Holding Companies Inc.",vendor="TEGNA Inc.",amount=235.19
url="http://so-net.ne.jp/felis/eu.js",name="Yetta",age=85,bald=false,beard=true,citation="b814f82d-7e4e-4093-8350-f9a10b14102d",employer="Bloomin' Brands Inc.",vendor="58.com Inc."
url="https://oaic.gov.au/risus/dapibus/augue/vel/accumsan/tellus/nisi.png",name="Tore",age=52,beard=false,citation="3c1fe2fe-7135-4126-bd13-df5baf10afc1",employer="El Pollo Loco Holdings Inc.",amount=531.55
url="http://utexas.edu/aliquet/at/feugiat/non/pretium/quis/lectus.json",name="Jacynth",age=19,bald=false,beard=false,citation="43370fd7-9750-4f47-9828-925bccad2478",employer="Sientra Inc.",vendor="Xactly Corporation",amount=408.5
url="http://ebay.co.uk/felis/sed/lacus/morbi/sem.aspx",name="Christean",zipcode="44790-000",bald=true,beard=true,citation="6c8c6f25-b2ee-4e9b-b87d-c2814f841c61",employer="Rite Aid Corporation",vendor="iShares MSCI USA ESG Optimized ETF",amount=243.43
url="http://google.nl/tristique.png",name="Tamqrah",age=85,bald=true,citation="ef5715be-f6b0-4803-b74f-3f3a004afa90",employer="DDR Corp.",vendor="Pioneer Municipal High Income Advantage Trust"
age=29,zipcode="7040-524",bald=false,beard=false,citation="47241ed6-0c9d-4bb6-bdb8-06ea0420660e",employer="Arrow Financial Corporation",amount=988.67
url="http://reuters.com/venenatis.aspx",name="Tobit",age=41,bald=false,beard=false,citation="94d07ada-45d0-4349-8adf-9f74f05ef644",employer="Huntsman Corporation",vendor="Dominion Energy Inc.",amount=804.24
url="https://xrea.com/vestibulum.html",name="Lexy",beard=false,citation="0c2ce79e-960a-40db-8c23-a2a67af803fa",employer="Oxford Immunotec Global PLC"
url="http://imdb.com/amet/sapien.aspx",name="Amabel",beard=false,citation="98a9a4a0-d3ef-4dea-819c-d103508ab211",employer="American Public Education Inc.",vendor="HTG Molecular Diagnostics Inc.",amount=567.07
name="Maribelle",age=73,zipcode="24193",bald=true,beard=true,citation="a8b3c93a-3347-4414-930a-815d2500facd",employer="Berry Global Group Inc.",vendor="Enstar Group Limited"
name="Cassandra",age=76,zipcode="214512",bald=false,beard=false,employer="Darden Restaurants Inc.",amount=424.33
url="https://theatlantic.com/ridiculus/mus/vivamus/vestibulum/sagittis.png",age=16,beard=true,citation="df3c17df-ffd1-4d0d-8706-f3ada0248002",employer="Gigamon Inc.",vendor="Liberty Interactive Corporation"
url="https://harvard.edu/feugiat.json",age=60,zipcode="271 51",beard=true,citation="7f7c605c-f7e0-43ae-9a61-165e4a5d03c8"
url="https://digg.com/volutpat/quam.png",name="Sergent",age=44,bald=false,beard=false,citation="d44f5710-a37c-413c-817f-7644dc8a5716",employer="Tupperware Brands Corporation",vendor="MFA Financial Inc."
url="https://newyorker.com/cras.json",name="Trista",age=14,bald=true,beard=false,employer="Elevate Credit Inc.",vendor="Varex Imaging Corporation"
url="http://icio.us/sapien/in/sapien/iaculis/congue/vivamus.json",name="Giuditta",age=70,bald=true,citation="1b76a69a-8c6c-4781-b1f8-c5c03a782fea",employer="TiVo Corporation",vendor="Owens & Minor Inc.",amount=470.79
url="http://omniture.com/ac/enim/in.html",name="Tiebold",age=71,bald=true,beard=false,amount=264.28
url="https://fastcompany.com/ut.aspx",name="Rolfe",age=14,bald=true,beard=true,citation="fa9d6a05-bff6-41d2-bf91-4986c570a0b4",employer="TransMontaigne Partners L.P."
url="http://answers.com/rhoncus/dui/vel/sem/sed/sagittis.jpg",name="Casi",bald=false,beard=true,employer="North American Energy Partners Inc.",amount=498.92
name="Garvy",age=28,bald=true,beard=true,citation="90563748-b56c-4e31-9312-f92351090b0a",vendor="CBO (Listing Market - NYSE - Networks A/E)",amount=181.7
url="https://google.de/sagittis/dui/vel/nisl/duis/ac.json",age=42,bald=false,beard=true,citation="7dc22374-5513-49de-a625-db586541e7fa",vendor="Rapid7 Inc.",amount=78.11
url="http://mozilla.org/vitae/nisi/nam/ultrices/libero.js",name="Winfield",age=48,bald=true,citation="23c4c227-a8a6-4f4b-aee8-f3ad5cf43556",employer="First Trust TCW Opportunistic Fixed Income ETF",vendor="Canterbury Park Holding Corporation",amount=376.15
url="http://stumbleupon.com/curabitur/convallis/duis/consequat.png",bald=false,beard=true,vendor="CryoLife Inc.",amount=415.91
age=76,zipcode="6709",bald=false,citation="cbc2e6e3-6b32-476b-bfd1-92d1ed3cc547",vendor="Rocky Brands Inc.",amount=186.07
name="Neille",bald=false,citation="7457e5ff-440a-4e4a-924e-deaa6b851685",amount=223.6
name="Leese",age=30,bald=false,beard=false,citation="2db0fb44-85c0-4ceb-85d7-ffdba39abe9d",vendor="Bank of the James Financial Group Inc.",amount=271.14
name="Reagan",age=65,bald=false,beard=true,employer="CPFL Energia S.A.",vendor="Rogers Corporation",amount=205.64
url="http://yelp.com/at/velit/eu/est.jpg",name="Ewart",beard=true,employer="Kronos Worldwide Inc",vendor="Zoetis Inc."
name="Reina",age=10,bald=true,beard=true,vendor="Tsakos Energy Navigation Ltd"
url="https://cloudflare.com/vitae.png",name="Camey",zipcode="19151",bald=true,beard=true,vendor="Biohaven Pharmaceutical Holding Company Ltd.",amount=709.45
url="https://mail.ru/adipiscing/elit/proin/interdum/mauris/non/ligula.jpg",name="Kelby",age=90,bald=false,citation="92df2637-f024-4c6f-82ce-58b9344c72d9",employer="Cinemark Holdings Inc",vendor="Euroseas Ltd.",amount=64.31
name="Dory",age=89,bald=false,beard=true,amount=879.83
url="http://hc360.com/neque.png",name="Vilhelmina",age=11,zipcode="6090-511",bald=false,beard=false,citation="c975f66e-ef16-4c37-b9b6-3d2cb7c4fb3f",employer="Sphere 3D Corp.",vendor="Sound Financial Bancorp Inc.",amount=772.91
name="Clemmie",zipcode="789-1301",citation="ecca34ac-b78b-412f-84d8-1db47a399b04"
age=30,zipcode="6016",bald=true,beard=false,citation="b831e05d-57a6-49dc-934e-1e1b49f5d9ad",employer="Tivity Health Inc.",vendor="AMC Networks Inc.",amount=31.44
url="http://go.com/sapien/cum/sociis/natoque.aspx",name="Giorgi",age=17,zipcode="03009",bald=false,beard=false,citation="60b445ce-7660-47b7-a6e1-591bbd035b2d",vendor="Granite Construction Incorporated"
url="http://usgs.gov/dictumst/etiam/faucibus.js",age=65,zipcode="862 95",citation="6f28a70d-0507-40b3-b846-94155e502ac1",employer="Delaware Enhanced Global Dividend",vendor="Genesis Energy L.P."
url="https://bigcartel.com/volutpat/sapien/arcu/sed.js",name="Colin",age=67,bald=true,beard=true,employer="Sina Corporation",amount=339.12
url="http://alexa.com/donec/quis.jpg",age=24,bald=true,beard=false,citation="37965310-d4b1-497f-a729-5eaab96f7cdc",employer="Valero Energy Partners LP",vendor="Banco Bradesco Sa"
url="http://nytimes.com/mus/etiam/vel/augue/vestibulum/rutrum.json",name="Si",age=55,zipcode="77895-000",bald=false,beard=false,citation="4d0e50b0-9c3e-494b-ba89-01572c046e05",vendor="Data I/O Corporation",amount=793.54
url="https://ask.com/eget/orci/vehicula.jsp",age=70,zipcode="4785-266",bald=true,beard=true,vendor="Caesars Acquisition Company",amount=853.11
url="http://harvard.edu/pede/morbi/porttitor/lorem/id/ligula.html",name="Shay",age=61,zipcode="4585",bald=false,beard=false,vendor="ReWalk Robotics Ltd",amount=454.95
url="http://wufoo.com/pellentesque/eget/nunc/donec/quis/orci.jsp",bald=true,beard=false,vendor="MarketAxess Holdings Inc."
